Category,Book name,Book Price,Currency,Stock availablity,Rating
Travel,It's Only the Himalayas,45.17,£,In stock,Two
Travel,Full Moon over Noah’s ...,49.43,£,In stock,Four
Travel,See America: A Celebration ...,48.87,£,In stock,Three
Travel,Vagabonding: An Uncommon Guide ...,36.94,£,In stock,Two
Travel,Under the Tuscan Sun,37.33,£,In stock,Three
Travel,A Summer In Europe,44.34,£,In stock,Two
Travel,The Great Railway Bazaar,30.54,£,In stock,One
Travel,A Year in Provence ...,56.88,£,In stock,Four
Travel,The Road to Little ...,23.21,£,In stock,One
Travel,Neither Here nor There: ...,38.95,£,In stock,Three
Travel,"1,000 Places to See ...",26.08,£,In stock,Five
Horror,Security,39.25,£,In stock,Two
Horror,Follow You Home,21.36,£,In stock,One
Horror,The Loney,23.4,£,In stock,One
Horror,Pet Sematary,10.56,£,In stock,Three
Horror,Doctor Sleep (The Shining ...,40.12,£,In stock,Two
Horror,Psycho: Sanitarium (Psycho #1.5),36.97,£,In stock,Five
Horror,Can You Keep a ...,48.64,£,In stock,One
Horror,Red Dragon (Hannibal Lecter ...,23.37,£,In stock,Three
Horror,Dracula the Un-Dead,35.63,£,In stock,Five
Horror,Night Shift (Night Shift ...,12.75,£,In stock,Four
Horror,Needful Things,47.51,£,In stock,Four
Horror,Misery,34.79,£,In stock,Two
Horror,It,25.01,£,In stock,Three
Horror,'Salem's Lot,49.56,£,In stock,Four
Horror,The Stand,57.86,£,In stock,Two
Horror,The Girl with All ...,49.47,£,In stock,Three
Horror,House of Leaves,54.89,£,In stock,One
Humor,The Long Haul (Diary ...,44.07,£,In stock,One
Humor,Old School (Diary of ...,11.83,£,In stock,Five
Humor,I Know What I'm ...,25.98,£,In stock,Four
Humor,Hyperbole and a Half: ...,14.75,£,In stock,Five
Humor,Dress Your Family in ...,43.68,£,In stock,Three
Humor,Toddlers Are A**holes: It's ...,25.55,£,In stock,One
Humor,When You Are Engulfed ...,30.89,£,In stock,Five
Humor,Naked,31.69,£,In stock,Three
Humor,Lamb: The Gospel According ...,55.5,£,In stock,Five
Humor,Holidays on Ice,51.07,£,In stock,Two
Adult Fiction,Fifty Shades Freed (Fifty ...,15.36,£,In stock,Five
Parenting,Catastrophic Happiness: Finding Joy ...,37.35,£,In stock,Two
Autobiography,The Argonauts,10.93,£,In stock,Two
Autobiography,M Train,27.18,£,In stock,One
Autobiography,Lab Girl,40.85,£,In stock,One
Autobiography,Approval Junkie: Adventures in ...,58.81,£,In stock,Five
Autobiography,Running with Scissors,12.91,£,In stock,Four
Autobiography,Me Talk Pretty One ...,57.6,£,In stock,Two
Autobiography,Lust & Wonder,11.87,£,In stock,Two
Autobiography,Life Without a Recipe,59.04,£,In stock,Five
Autobiography,A Heartbreaking Work of ...,54.29,£,In stock,Five
Psychology,The Lucifer Effect: Understanding ...,10.4,£,In stock,One
Psychology,The Golden Condom: And ...,39.43,£,In stock,One
Psychology,It Didn't Start with ...,56.27,£,In stock,Three
Psychology,An Unquiet Mind: A ...,21.3,£,In stock,Three
Psychology,"Thinking, Fast and Slow",21.14,£,In stock,One
Psychology,Civilization and Its Discontents,59.95,£,In stock,Two
Psychology,8 Keys to Mental ...,31.04,£,In stock,One
Art,Wall and Piece,44.18,£,In stock,Four
Art,Feathers: Displays of Brilliant ...,49.05,£,In stock,Three
Art,Art and Fear: Observations ...,48.63,£,In stock,Four
Art,The New Drawing on ...,43.02,£,In stock,Three
Art,History of Beauty,10.29,£,In stock,Four
Art,The Story of Art,41.14,£,In stock,Four
Art,The Art Book,32.34,£,In stock,Two
Art,Ways of Seeing,39.51,£,In stock,Five
Paranormal,"Vampire Knight, Vol. 1 ...",15.4,£,In stock,One
Poetry,A Light in the ...,51.77,£,In stock,Three
Poetry,The Black Maria,52.15,£,In stock,One
Poetry,Shakespeare's Sonnets,20.66,£,In stock,Four
Poetry,Olio,23.88,£,In stock,One
Poetry,You can't bury them ...,33.63,£,In stock,Two
Poetry,Slow States of Collapse: ...,57.31,£,In stock,Three
Poetry,Untitled Collection: Sabbath Poems ...,14.27,£,In stock,Four
Poetry,Poems That Make Grown ...,14.19,£,In stock,Four
Poetry,Night Sky with Exit ...,41.05,£,In stock,One
Poetry,salt.,46.78,£,In stock,Four
Poetry,Quarter Life Poetry: Poems ...,50.89,£,In stock,Five
Poetry,Out of Print: City ...,53.64,£,In stock,Five
Poetry,Les Fleurs du Mal,29.04,£,In stock,Five
Poetry,Howl and Other Poems,40.45,£,In stock,Two
Poetry,Leave This Song Behind: ...,51.17,£,In stock,Five
Poetry,The Collected Poems of ...,15.42,£,In stock,Five
Poetry,The Crossover,38.77,£,In stock,Four
Poetry,Booked,17.49,£,In stock,Five
Poetry,Twenty Love Poems and ...,30.95,£,In stock,Four
Science,The Most Perfect Thing: ...,42.96,£,In stock,Four
Science,Immunity: How Elie Metchnikoff ...,57.36,£,In stock,Five
Science,Sorting the Beef from ...,44.74,£,In stock,Four
Science,Tipping Point for Planet ...,37.55,£,In stock,One
Science,The Fabric of the ...,55.91,£,In stock,One
Science,Diary of a Citizen ...,28.41,£,In stock,One
Science,The Origin of Species,10.01,£,In stock,Four
Science,The Grand Design,13.76,£,In stock,Three
Science,Peak: Secrets from the ...,16.28,£,In stock,Two
Science,"The Elegant Universe: Superstrings, ...",13.03,£,In stock,Four
Science,The Disappearing Spoon: And ...,57.35,£,In stock,Five
Science,"Surely You're Joking, Mr. ...",25.83,£,In stock,Two
Science,Seven Brief Lessons on ...,30.6,£,In stock,Four
Science,The Selfish Gene,29.45,£,In stock,One
Young Adult,The Requiem Red,22.65,£,In stock,One
Young Adult,Set Me Free,17.46,£,In stock,Five
Young Adult,The Natural History of ...,45.22,£,In stock,Three
Young Adult,Obsidian (Lux #1),14.86,£,In stock,Two
Young Adult,Burning,28.81,£,In stock,Three
Young Adult,A Fierce and Subtle ...,28.13,£,In stock,Four
Young Adult,Scarlett Epstein Hates It ...,43.55,£,In stock,Five
Young Adult,"Nightingale, Sing",38.28,£,In stock,One
Young Adult,Library of Souls (Miss ...,48.56,£,In stock,Five
Young Adult,Frostbite (Vampire Academy #2),29.99,£,In stock,Five
Young Adult,Wild Swans,14.36,£,In stock,Two
Young Adult,Until Friday Night (The ...,46.31,£,In stock,Two
Young Adult,This Is Where It ...,27.12,£,In stock,Two
Young Adult,The Darkest Lie,35.35,£,In stock,Five
Young Adult,My Kind of Crazy,40.36,£,In stock,One
Young Adult,Don't Get Caught,55.35,£,In stock,One
Young Adult,Catching Jordan (Hundred Oaks),50.83,£,In stock,Three
Young Adult,Aristotle and Dante Discover ...,58.14,£,In stock,Four
Young Adult,The Epidemic (The Program ...,14.44,£,In stock,Five
Young Adult,Stars Above (The Lunar ...,48.05,£,In stock,Two
New Adult,Without Borders (Wanderlove #1),45.07,£,In stock,Two
New Adult,The Mistake (Off-Campus #2),43.29,£,In stock,Three
New Adult,The Matchmaker's Playbook (Wingmen ...,55.85,£,In stock,One
New Adult,The Hook Up (Game ...,36.29,£,In stock,Five
New Adult,Shameless,58.35,£,In stock,Three
New Adult,Off Sides (Off #1),39.45,£,In stock,Five
Fantasy,Unicorn Tracks,18.78,£,In stock,Three
Fantasy,"Saga, Volume 6 (Saga ...",25.02,£,In stock,Three
Fantasy,Princess Between Worlds (Wide-Awake ...,13.34,£,In stock,Five
Fantasy,Masks and Shadows,56.4,£,In stock,Two
Fantasy,Crown of Midnight (Throne ...,43.29,£,In stock,Three
Fantasy,Avatar: The Last Airbender: ...,28.09,£,In stock,Two
Fantasy,A Court of Thorns ...,52.37,£,In stock,One
Fantasy,Throne of Glass (Throne ...,35.07,£,In stock,Three
Fantasy,The Glittering Court (The ...,44.28,£,In stock,One
Fantasy,Hollow City (Miss Peregrine’s ...,42.98,£,In stock,One
Fantasy,The Star-Touched Queen,46.02,£,In stock,Five
Fantasy,The Hidden Oracle (The ...,52.26,£,In stock,Two
Fantasy,The Bane Chronicles (The ...,44.73,£,In stock,Four
Fantasy,Island of Dragons (Unwanteds ...,29.65,£,In stock,One
Fantasy,Demigods & Magicians: Percy ...,37.51,£,In stock,Five
Fantasy,City of Glass (The ...,56.02,£,In stock,Four
Fantasy,Searching for Meaning in ...,38.73,£,In stock,One
Fantasy,The Star-Touched Queen,32.3,£,In stock,Five
Fantasy,A Shard of Ice ...,56.63,£,In stock,Three
Fantasy,King's Folly (The Kinsman ...,39.61,£,In stock,Five
Add a comment,The Torch Is Passed: ...,19.09,£,In stock,One
Add a comment,The Mindfulness and Acceptance ...,23.89,£,In stock,Four
Add a comment,The Art Forger,40.76,£,In stock,Three
Add a comment,On a Midnight Clear,14.07,£,In stock,Three
Add a comment,Judo: Seven Steps to ...,53.9,£,In stock,Two
Add a comment,"Shobu Samurai, Project Aryoku ...",29.06,£,In stock,Three
Add a comment,Modern Romance,28.26,£,In stock,Five
Add a comment,The White Queen (The ...,25.91,£,In stock,Five
Add a comment,The Song of Achilles,37.4,£,In stock,Five
Add a comment,The Immortal Life of ...,40.67,£,In stock,Two
Add a comment,The Dovekeepers,48.78,£,In stock,One
Add a comment,More Than Music (Chasing ...,37.61,£,In stock,Two
Add a comment,Code Name Verity (Code ...,22.13,£,In stock,Four
Add a comment,Cell,20.29,£,In stock,Four
Add a comment,Angels Walking (Angels Walking ...,34.2,£,In stock,Two
Add a comment,A Series of Catastrophes ...,56.48,£,In stock,Two
Add a comment,A People's History of ...,40.79,£,In stock,Two
Add a comment,A Brush of Wings ...,55.51,£,In stock,One
Add a comment,Rook,37.86,£,In stock,Four
Add a comment,The Midnight Watch: A ...,26.2,£,In stock,One
Sports and Games,The Book of Basketball: ...,44.84,£,In stock,Five
Sports and Games,Friday Night Lights: A ...,51.22,£,In stock,Three
Sports and Games,Sugar Rush (Offensive Line ...,24.42,£,In stock,One
Sports and Games,Settling the Score (The ...,44.91,£,In stock,Two
Sports and Games,Icing (Aces Hockey #2),40.44,£,In stock,Four
Crime,The Long Shadow of ...,10.97,£,In stock,One
Erotica,Dark Notes,19.19,£,In stock,Five
Cultural,Amid the Chaos,36.58,£,In stock,One
Politics,Libertarianism for Beginners,51.33,£,In stock,Two
Politics,Why the Right Went ...,52.65,£,In stock,Four
Politics,Equal Is Unfair: America's ...,56.86,£,In stock,One
Health,The Bulletproof Diet: Lose ...,49.05,£,In stock,Three
Health,"Eat Fat, Get Thin",54.07,£,In stock,Two
Health,10-Day Green Smoothie Cleanse: ...,49.71,£,In stock,Five
Health,The Art and Science ...,52.98,£,In stock,Five
Novels,Suzie Snowflake: One beautiful ...,54.81,£,In stock,Five
Short Stories,The Grownup,35.88,£,In stock,One
Suspense,Silence in the Dark ...,58.33,£,In stock,Three
Christian,(Un)Qualified: How God Uses ...,54.0,£,In stock,Five
Christian,Crazy Love: Overwhelmed by ...,47.72,£,In stock,Two
Christian,Blue Like Jazz: Nonreligious ...,25.77,£,In stock,One
Historical,All the Light We ...,29.87,£,In stock,Five
Historical,The Girl You Left ...,15.79,£,In stock,One
Self Help,Online Marketing for Busy ...,46.35,£,In stock,One
Self Help,How to Be Miserable: ...,46.03,£,In stock,One
Self Help,"Overload: How to Unplug, ...",52.15,£,In stock,Three
Self Help,You Are a Badass: ...,12.08,£,In stock,Three
Self Help,How to Stop Worrying ...,46.49,£,In stock,Five
Academic,Logan Kade (Fallen Crest ...,13.12,£,In stock,Two
Young Adult,No Love Allowed (Dodge ...,54.65,£,In stock,Four
Young Adult,"Exit, Pursued by a ...",51.34,£,In stock,Four
Young Adult,The Alien Club,54.4,£,In stock,One
Young Adult,Don't Forget Steven,33.23,£,In stock,One
Young Adult,South of Sunshine,28.93,£,In stock,One
Young Adult,My Life Next Door ...,36.39,£,In stock,Five
Young Adult,Future Shock (Future Shock ...,55.65,£,In stock,Five
Young Adult,Nightstruck: A Novel,50.35,£,In stock,Four
Young Adult,Tell the Wolves I'm ...,50.96,£,In stock,Two
Young Adult,"Will Grayson, Will Grayson ...",47.31,£,In stock,Four
Young Adult,Where She Went (If ...,41.73,£,In stock,Four
Young Adult,Two Summers,14.64,£,In stock,One
Young Adult,The Darkest Corners,11.33,£,In stock,Five
Young Adult,Tell Me Three Things,41.81,£,In stock,One
Young Adult,Lola and the Boy ...,23.63,£,In stock,Four
Young Adult,Kill the Boy Band,15.52,£,In stock,Five
Young Adult,Isla and the Happily ...,48.13,£,In stock,Five
Young Adult,An Abundance of Katherines,10.0,£,In stock,Five
Young Adult,Harry Potter and the ...,24.17,£,In stock,Four
Young Adult,Walk the Edge (Thunder ...,32.36,£,In stock,Three
Spirituality,The Four Agreements: A ...,17.66,£,In stock,Five
Spirituality,The Activist's Tao Te ...,32.24,£,In stock,Five
Spirituality,Chasing Heaven: What Dying ...,37.8,£,In stock,Two
Spirituality,If I Gave You ...,20.91,£,In stock,One
Spirituality,Unreasonable Hope: Finding Faith ...,46.33,£,In stock,Two
Spirituality,A New Earth: Awakening ...,55.65,£,In stock,Five
Fantasy,Every Heart a Doorway ...,12.16,£,In stock,Five
Fantasy,A Gathering of Shadows ...,44.81,£,In stock,Four
Fantasy,The Raven Boys (The ...,57.74,£,In stock,Four
Fantasy,The False Prince (The ...,56.0,£,In stock,Five
Fantasy,Tell the Wind and ...,45.51,£,In stock,Three
Fantasy,A Feast for Crows ...,17.21,£,In stock,Four
Fantasy,The Demonists (Demonist #1),52.11,£,In stock,Two
Fantasy,The Beast (Black Dagger ...,46.08,£,In stock,Five
Fantasy,Paper and Fire (The ...,49.45,£,In stock,Five
Fantasy,Harry Potter and the ...,31.63,£,In stock,Four
Fantasy,Harry Potter and the ...,48.75,£,In stock,Five
Fantasy,Harry Potter and the ...,14.74,£,In stock,One
Fantasy,The Rose & the ...,58.64,£,In stock,Four
Fantasy,Soldier (Talon #3),24.72,£,In stock,Two
Fantasy,Midnight Riot (Peter Grant/ ...,55.46,£,In stock,Two
Fantasy,Heir to the Sky,44.07,£,In stock,Four
Fantasy,Eragon (The Inheritance Cycle ...,43.87,£,In stock,Three
Fantasy,Darkfever (Fever #1),56.02,£,In stock,One
Fantasy,Ash,22.06,£,In stock,Four
Fantasy,A Storm of Swords ...,31.22,£,In stock,Two
Add a comment,The Gray Rhino: How ...,59.15,£,In stock,Four
Add a comment,The Children,11.88,£,In stock,Three
Add a comment,One with You (Crossfire ...,15.71,£,In stock,Four
Add a comment,Without Shame,48.27,£,In stock,Five
Add a comment,Watchmen,58.05,£,In stock,Four
Add a comment,A Hero's Curse (The ...,50.49,£,In stock,Three
Add a comment,23 Degrees South: A ...,35.79,£,In stock,Two
Add a comment,The Glass Castle,16.24,£,In stock,One
Add a comment,The Drowning Girls,35.67,£,In stock,Three
Add a comment,Team of Rivals: The ...,20.12,£,In stock,Five
Add a comment,John Adams,57.43,£,In stock,Four
Add a comment,Good in Bed (Cannie ...,37.05,£,In stock,Five
Add a comment,The Joy of Cooking,43.27,£,In stock,Four
Add a comment,The Golden Compass (His ...,18.77,£,In stock,One
Add a comment,The God Delusion,46.85,£,In stock,Three
Add a comment,Pride and Prejudice,19.27,£,In stock,Four
Add a comment,Mere Christianity,48.51,£,In stock,Three
Add a comment,Fun Home: A Family ...,56.59,£,In stock,Four
Add a comment,The Raven King (The ...,30.57,£,In stock,Two
Add a comment,Find Her (Detective D.D. ...,22.37,£,In stock,One
Contemporary,When We Collided,31.77,£,In stock,One
Contemporary,Someone Like You (The ...,52.79,£,In stock,Five
Contemporary,We Are All Completely ...,24.04,£,In stock,One
Thriller,In Her Wake,12.84,£,In stock,One
Thriller,The Elephant Tree,23.82,£,In stock,Five
Thriller,Behind Closed Doors,52.22,£,In stock,Four
Thriller,You (You #1),43.61,£,In stock,Five
Thriller,The Guilty (Will Robie ...,13.82,£,In stock,Two
Thriller,The 14th Colony (Cotton ...,39.24,£,In stock,One
Thriller,Give It Back,18.32,£,In stock,Two
Thriller,Killing Floor (Jack Reacher ...,31.49,£,In stock,Four
Thriller,The Bone Hunters (Lexy ...,59.71,£,In stock,Three
Thriller,Far From True (Promise ...,34.93,£,In stock,Two
Thriller,The Travelers,15.77,£,In stock,One
Biography,Louisa: The Extraordinary Life ...,16.85,£,In stock,Two
Biography,Setting the World on ...,21.15,£,In stock,Two
Biography,The Faith of Christopher ...,39.55,£,In stock,One
Biography,Benjamin Franklin: An American ...,48.19,£,In stock,Three
Biography,The Rise of Theodore ...,42.57,£,In stock,Three
Business,The Dirty Little Secrets ...,33.34,£,In stock,Four
Business,The Third Wave: An ...,12.61,£,In stock,Five
Business,The 10% Entrepreneur: Live ...,27.55,£,In stock,Three
Business,Shoe Dog: A Memoir ...,23.99,£,In stock,Two
Business,Made to Stick: Why ...,38.85,£,In stock,Five
Business,Quench Your Own Thirst: ...,43.14,£,In stock,One
Business,The Art of Startup ...,21.0,£,In stock,Three
Business,Born for This: How ...,21.59,£,In stock,Five
Business,The E-Myth Revisited: Why ...,36.91,£,In stock,One
Business,"Rich Dad, Poor Dad",51.74,£,In stock,One
Business,The Lean Startup: How ...,33.92,£,In stock,Three
Business,Rework,44.88,£,In stock,Two
Christian Fiction,Redeeming Love,20.47,£,In stock,Five
Christian Fiction,Close to You,49.46,£,In stock,Four
Christian Fiction,Shadows of the Past ...,39.67,£,In stock,Five
Christian Fiction,Like Never Before (Walker ...,28.77,£,In stock,Two
Christian Fiction,Counted With the Stars ...,17.97,£,In stock,Five
Christian Fiction,If I Run (If ...,49.97,£,In stock,Four
Food and Drink,Foolproof Preserving: A Guide ...,30.52,£,In stock,Three
Food and Drink,The Pioneer Woman Cooks: ...,56.41,£,In stock,One
Food and Drink,My Paris Kitchen: Recipes ...,33.37,£,In stock,Two
Food and Drink,Mama Tried: Traditional Italian ...,14.02,£,In stock,Four
Food and Drink,"Layered: Baking, Building, and ...",40.11,£,In stock,One
Food and Drink,The Nerdy Nummies Cookbook: ...,37.34,£,In stock,Five
Food and Drink,The Love and Lemons ...,37.6,£,In stock,Two
Food and Drink,The Cookies & Cups ...,41.25,£,In stock,One
Food and Drink,Deliciously Ella Every Day: ...,42.16,£,In stock,Three
Food and Drink,The Help Yourself Cookbook ...,28.77,£,In stock,Three
Food and Drink,"It's All Easy: Healthy, ...",19.55,£,In stock,One
Food and Drink,Barefoot Contessa Back to ...,28.01,£,In stock,One
Food and Drink,Barefoot Contessa at Home: ...,50.62,£,In stock,Five
Food and Drink,My Kitchen Year: 136 ...,11.53,£,In stock,Two
Food and Drink,Everyday Italian: 125 Simple ...,20.1,£,In stock,Five
Food and Drink,A la Mode: 120 ...,38.77,£,In stock,One
Food and Drink,Cravings: Recipes for What ...,20.5,£,In stock,Three
Food and Drink,The Moosewood Cookbook: Recipes ...,12.34,£,In stock,Four
Food and Drink,32 Yolks,53.63,£,In stock,Two
Food and Drink,Naturally Lean: 125 Nourishing ...,11.38,£,In stock,Five
History,Sapiens: A Brief History ...,54.23,£,In stock,Five
History,Unbound: How Eight Technologies ...,25.52,£,In stock,One
History,The Age of Genius: ...,19.73,£,In stock,One
History,"Political Suicide: Missteps, Peccadilloes, ...",36.28,£,In stock,Two
History,Thomas Jefferson and the ...,59.64,£,In stock,One
History,Zealot: The Life and ...,24.7,£,In stock,Three
History,A Distant Mirror: The ...,14.58,£,In stock,Three
History,1491: New Revelations of ...,21.8,£,In stock,Three
History,Brilliant Beacons: A History ...,11.45,£,In stock,Three
History,"""Most Blessed of the ...",44.48,£,In stock,Five
History,A Short History of ...,52.4,£,In stock,Five
History,The Rise and Fall ...,39.67,£,In stock,Two
History,Catherine the Great: Portrait ...,58.55,£,In stock,Four
History,The Mathews Men: Seven ...,42.91,£,In stock,Five
History,The Hiding Place,55.91,£,In stock,Four
History,America's War for the ...,51.22,£,In stock,Two
History,The Guns of August,14.54,£,In stock,Two
History,House of Lost Worlds: ...,43.7,£,In stock,Two
Science Fiction,Mesaerion: The Best Science ...,37.59,£,In stock,One
Science Fiction,Join,35.67,£,In stock,Five
Science Fiction,William Shakespeare's Star Wars: ...,43.3,£,In stock,Four
Science Fiction,The Project,10.65,£,In stock,One
Science Fiction,Soft Apocalypse,26.12,£,In stock,Two
Science Fiction,Sleeping Giants (Themis Files ...,48.74,£,In stock,One
Science Fiction,Arena,21.36,£,In stock,Four
Science Fiction,Foundation (Foundation (Publication Order) ...,32.42,£,In stock,One
Science Fiction,The Restaurant at the ...,10.92,£,In stock,One
Science Fiction,Ready Player One,19.07,£,In stock,Four
Science Fiction,"Life, the Universe and ...",33.26,£,In stock,Two
Science Fiction,Dune (Dune #1),54.86,£,In stock,One
Science Fiction,Do Androids Dream of ...,51.48,£,In stock,One
Science Fiction,Three Wishes (River of ...,44.18,£,In stock,Two
Science Fiction,The Last Girl (The ...,36.26,£,In stock,Two
Science Fiction,Having the Barbarian's Baby ...,34.96,£,In stock,Four
Default,The Coming Woman: A ...,17.93,£,In stock,Three
Default,The Boys in the ...,22.6,£,In stock,Four
Default,Starving Hearts (Triangular Trade ...,13.99,£,In stock,Two
Default,America's Cradle of Quarterbacks: ...,22.5,£,In stock,Three
Default,Aladdin and His Wonderful ...,53.13,£,In stock,Three
Default,Penny Maybe,33.29,£,In stock,Three
Default,Maude (1883-1993):She Grew Up ...,18.02,£,In stock,Two
Default,The Inefficiency Assassin: Time ...,20.59,£,In stock,Five
Default,Soul Reader,39.58,£,In stock,Two
Default,Bossypants,49.46,£,In stock,Two
Default,A World of Flavor: ...,42.95,£,In stock,One
Default,"A Piece of Sky, ...",56.76,£,In stock,Five
Default,Tracing Numbers on a ...,41.6,£,In stock,Three
Default,Thirteen Reasons Why,52.72,£,In stock,One
Default,The Secret (The Secret ...,27.37,£,In stock,Four
Default,The Psychopath Test: A ...,36.0,£,In stock,Two
Default,The Kite Runner,41.82,£,In stock,Four
Default,The Girl on the ...,55.02,£,In stock,Two
Default,The Emerald Mystery,23.15,£,In stock,Two
Default,The Bridge to Consciousness: ...,32.0,£,In stock,Three
Music,Rip it Up and ...,35.02,£,In stock,Five
Music,Our Band Could Be ...,57.25,£,In stock,Three
Music,How Music Works,37.32,£,In stock,Two
Music,Love Is a Mix ...,18.03,£,In stock,One
Music,Please Kill Me: The ...,31.19,£,In stock,Four
Music,Kill 'Em and Leave: ...,45.05,£,In stock,Five
Music,"Chronicles, Vol. 1",52.6,£,In stock,Two
Music,This Is Your Brain ...,38.4,£,In stock,One
Music,Orchestra of Exiles: The ...,12.36,£,In stock,Three
Music,No One Here Gets ...,20.02,£,In stock,Five
Music,Life,31.58,£,In stock,Five
Music,Old Records Never Die: ...,55.66,£,In stock,Two
Music,Forever Rockers (The Rocker ...,28.8,£,In stock,Three
Nonfiction,Worlds Elsewhere: Journeys Around ...,40.3,£,In stock,Five
Nonfiction,The Five Love Languages: ...,31.05,£,In stock,Three
Nonfiction,Reasons to Stay Alive,26.41,£,In stock,Two
Nonfiction,#HigherSelfie: Wake Up Your ...,23.11,£,In stock,Five
Nonfiction,Unseen City: The Majesty ...,44.18,£,In stock,Four
Nonfiction,Throwing Rocks at the ...,31.12,£,In stock,Three
Nonfiction,The Life-Changing Magic of ...,16.77,£,In stock,Three
Nonfiction,The Gutsy Girl: Escapades ...,37.13,£,In stock,One
Nonfiction,The Electric Pencil: Drawings ...,56.06,£,In stock,One
Nonfiction,Spark Joy: An Illustrated ...,41.83,£,In stock,Four
Nonfiction,Reskilling America: Learning to ...,19.83,£,In stock,Two
Nonfiction,In the Country We ...,22.0,£,In stock,Four
Nonfiction,Everydata: The Misinformation Hidden ...,54.35,£,In stock,Two
Nonfiction,Call the Nurse: True ...,29.14,£,In stock,Five
Nonfiction,Algorithms to Live By: ...,30.81,£,In stock,One
Nonfiction,The Power of Now: ...,43.54,£,In stock,Two
Nonfiction,The Omnivore's Dilemma: A ...,38.21,£,In stock,Two
Nonfiction,The Genius of Birds,17.24,£,In stock,One
Nonfiction,The Artist's Way: A ...,38.49,£,In stock,Five
Nonfiction,So You've Been Publicly ...,12.23,£,In stock,Two
Religion,Don't Be a Jerk: ...,37.97,£,In stock,Two
Religion,You Are What You ...,21.87,£,In stock,Four
Religion,God: The Most Unpleasant ...,30.03,£,In stock,Five
Religion,The Book of Mormon,24.57,£,In stock,Three
Religion,A History of God: ...,27.62,£,In stock,One
Religion,The Bhagavad Gita,57.49,£,In stock,Three
Religion,Choosing Our Religion: The ...,28.42,£,In stock,Four
Childrens,Birdsong: A Story in ...,54.64,£,In stock,Three
Childrens,The Bear and the ...,36.89,£,In stock,One
Childrens,The Secret of Dreadwillow ...,56.13,£,In stock,One
Childrens,The White Cat and ...,58.08,£,In stock,Four
Childrens,Little Red,13.47,£,In stock,Three
Childrens,Walt Disney's Alice in ...,12.96,£,In stock,Five
Childrens,Twenty Yawns,22.08,£,In stock,Two
Childrens,Rain Fish,23.57,£,In stock,Three
Childrens,Once Was a Time,18.28,£,In stock,Two
Childrens,Luis Paints the World,53.95,£,In stock,Three
Childrens,Nap-a-Roo,25.08,£,In stock,One
Childrens,The Whale,35.96,£,In stock,Four
Childrens,"Shrunken Treasures: Literary Classics, ...",52.87,£,In stock,Three
Childrens,Raymie Nightingale,34.41,£,In stock,Two
Childrens,Playing from the Heart,32.38,£,In stock,One
Childrens,Maybe Something Beautiful: How ...,22.54,£,In stock,One
Childrens,The Wild Robot,56.07,£,In stock,Three
Childrens,The Thing About Jellyfish,48.77,£,In stock,One
Childrens,The Lonely Ones,43.59,£,In stock,Five
Childrens,The Day the Crayons ...,26.33,£,In stock,Five
Young Adult,Two Boys Kissing,32.74,£,In stock,Two
Young Adult,The New Guy (and ...,44.92,£,In stock,Three
Young Adult,"The Land of 10,000 ...",29.64,£,In stock,Four
Young Adult,Scarlet (The Lunar Chronicles ...,14.57,£,In stock,Four
Young Adult,Legend (Legend #1),43.69,£,In stock,Four
Young Adult,Lady Renegades (Rebel Belle ...,53.04,£,In stock,Five
Young Adult,Golden (Heart of Dread ...,42.21,£,In stock,Four
Young Adult,Cinder (The Lunar Chronicles ...,26.09,£,In stock,One
Young Adult,Boy Meets Boy,21.12,£,In stock,Three
Young Adult,Annie on My Mind,36.83,£,In stock,Five
Young Adult,New Moon (Twilight #2),12.86,£,In stock,Four
Young Adult,Girl Online On Tour ...,53.47,£,In stock,One
Young Adult,The Haters,27.89,£,In stock,Five
Young Adult,The Art of Not ...,40.83,£,In stock,Four
Fiction,Soumission,50.1,£,In stock,One
Fiction,Private Paris (Private #10),47.61,£,In stock,Five
Fiction,"We Love You, Charlie ...",50.27,£,In stock,Five
Fiction,Thirst,17.27,£,In stock,Five
Fiction,The Murder That Never ...,54.11,£,In stock,Three
Fiction,Tuesday Nights in 1980,21.04,£,In stock,Two
Fiction,The Vacationers,42.15,£,In stock,Four
Fiction,The Regional Office Is ...,51.36,£,In stock,Five
Fiction,Finders Keepers (Bill Hodges ...,53.53,£,In stock,Five
Fiction,The Time Keeper,27.88,£,In stock,Five
Fiction,The Testament of Mary,52.67,£,In stock,Four
Fiction,The First Hostage (J.B. ...,25.85,£,In stock,Three
Fiction,Take Me with You,45.21,£,In stock,Three
Fiction,Still Life with Bread ...,26.41,£,In stock,Three
Fiction,Shtum,55.84,£,In stock,Four
Fiction,My Name Is Lucy ...,41.56,£,In stock,One
Fiction,My Mrs. Brown,24.48,£,In stock,Three
Fiction,Mr. Mercedes (Bill Hodges ...,28.9,£,In stock,One
Fiction,I Am Pilgrim (Pilgrim ...,10.6,£,In stock,Four
Fiction,Eligible (The Austen Project ...,27.09,£,In stock,Three
Fantasy,Vampire Girl (Vampire Girl ...,53.82,£,In stock,Two
Fantasy,The Silent Twin (Detective ...,36.25,£,In stock,Three
Fantasy,The Mirror & the ...,29.38,£,In stock,One
Fantasy,Sister Sable (The Mad ...,13.33,£,In stock,Three
Fantasy,Shadow Rites (Jane Yellowrock ...,21.72,£,In stock,Four
Fantasy,Origins (Alphas 0.5),28.99,£,In stock,One
Fantasy,One Second (Seven #7),52.94,£,In stock,Two
Fantasy,Myriad (Prentor #1),58.75,£,In stock,Four
Add a comment,Evicted: Poverty and Profit ...,42.27,£,In stock,One
Add a comment,A Game of Thrones ...,46.42,£,In stock,Two
Add a comment,A Clash of Kings ...,10.79,£,In stock,Three
Add a comment,The Tipping Point: How ...,10.02,£,In stock,Two
Add a comment,The Rest Is Noise: ...,34.77,£,In stock,One
Add a comment,The Purpose Driven Life: ...,37.19,£,In stock,Three
Add a comment,The Hitchhiker's Guide to ...,47.8,£,In stock,Three
Add a comment,The Girl Who Kicked ...,57.48,£,In stock,One
Add a comment,The End of Faith: ...,22.13,£,In stock,Four
Add a comment,The Complete Poems,41.32,£,In stock,Five
Add a comment,The Catcher in the ...,24.55,£,In stock,One
Add a comment,The Case for Christ ...,47.84,£,In stock,One
Add a comment,The Blind Side: Evolution ...,53.71,£,In stock,Five
Add a comment,Seven Days in the ...,52.33,£,In stock,Two
Add a comment,Sarah's Key,46.29,£,In stock,One
Add a comment,Rogue Lawyer (Rogue Lawyer ...,50.11,£,In stock,Three
Add a comment,Manuscript Found in Accra,34.98,£,In stock,Two
Add a comment,Fire Bound (Sea Haven/Sisters ...,21.28,£,In stock,Four
Add a comment,Cosmos,36.17,£,In stock,Two
Add a comment,#GIRLBOSS,50.96,£,In stock,One
Womens Fiction,I Had a Nice ...,57.36,£,In stock,Four
Womens Fiction,Will You Won't You ...,13.86,£,In stock,Three
Womens Fiction,Keep Me Posted,20.46,£,In stock,Four
Womens Fiction,Grey (Fifty Shades #4),48.49,£,In stock,Four
Womens Fiction,Meternity,43.58,£,In stock,Three
Womens Fiction,Some Women,13.73,£,In stock,Five
Womens Fiction,Shopaholic Ties the Knot ...,48.39,£,In stock,Five
Womens Fiction,Can You Keep a ...,21.94,£,In stock,One
Womens Fiction,Twenties Girl,42.8,£,In stock,Two
Womens Fiction,The Undomestic Goddess,45.75,£,In stock,Four
Womens Fiction,The Nanny Diaries (Nanny ...,52.53,£,In stock,Five
Womens Fiction,The Devil Wears Prada ...,44.29,£,In stock,One
Womens Fiction,Something Borrowed (Darcy & ...,48.96,£,In stock,Five
Womens Fiction,Something Blue (Darcy & ...,54.62,£,In stock,One
Womens Fiction,I've Got Your Number,19.69,£,In stock,One
Womens Fiction,The Edge of Reason ...,19.18,£,In stock,Four
Womens Fiction,Bridget Jones's Diary (Bridget ...,29.82,£,In stock,One
Romance,Chase Me (Paris Nights ...,25.27,£,In stock,Five
Romance,Black Dust,34.53,£,In stock,Five
Romance,Her Backup Boyfriend (The ...,33.97,£,In stock,One
Romance,First and First (Five ...,15.97,£,In stock,Four
Romance,Fifty Shades Darker (Fifty ...,21.96,£,In stock,One
Romance,The Wedding Dress,24.12,£,In stock,One
Romance,Suddenly in Love (Lake ...,55.99,£,In stock,Two
Romance,Something More Than This,16.24,£,In stock,Four
Romance,Doing It Over (Most ...,35.61,£,In stock,Three
Romance,The Wedding Pact (The ...,32.61,£,In stock,Three
Romance,Hold Your Breath (Search ...,28.82,£,In stock,One
Romance,Dirty (Dive Bar #1),40.83,£,In stock,Four
Romance,Take Me Home Tonight ...,53.98,£,In stock,Three
Romance,Off the Hook (Fishing ...,47.67,£,In stock,Three
Romance,A Gentleman's Position (Society ...,14.75,£,In stock,Five
Romance,"Sit, Stay, Love",20.9,£,In stock,Three
Romance,A Girl's Guide to ...,31.3,£,In stock,One
Romance,The Perfect Play (Play ...,59.99,£,In stock,Three
Romance,Dark Lover (Black Dagger ...,12.87,£,In stock,One
Romance,Changing the Game (Play ...,13.38,£,In stock,Three
Philosophy,Sophie's World,15.94,£,In stock,Five
Philosophy,The Death of Humanity: ...,58.11,£,In stock,Four
Philosophy,The Stranger,17.44,£,In stock,Four
Philosophy,Proofs of God: Classical ...,54.21,£,In stock,One
Philosophy,Kierkegaard: A Christian Missionary ...,47.13,£,In stock,One
Philosophy,At The Existentialist Café: ...,29.93,£,In stock,Five
Philosophy,Critique of Pure Reason,20.75,£,In stock,One
Philosophy,"Run, Spot, Run: The ...",20.02,£,In stock,One
Philosophy,The Nicomachean Ethics,36.34,£,In stock,One
Philosophy,Meditations,25.89,£,In stock,Two
Philosophy,Beyond Good and Evil,43.38,£,In stock,One
Classics,The Secret Garden,15.08,£,In stock,Four
Classics,The Metamorphosis,28.58,£,In stock,One
Classics,The Pilgrim's Progress,50.26,£,In stock,Two
Classics,The Hound of the ...,14.82,£,In stock,Two
Classics,Little Women (Little Women ...,28.07,£,In stock,Four
Classics,Gone with the Wind,32.49,£,In stock,Three
Classics,Candide,58.63,£,In stock,Three
Classics,Animal Farm,57.22,£,In stock,Three
Classics,Wuthering Heights,17.73,£,In stock,Three
Classics,The Picture of Dorian ...,29.7,£,In stock,Two
Classics,The Complete Stories and ...,26.78,£,In stock,Four
Classics,Beowulf,38.35,£,In stock,Two
Classics,And Then There Were ...,35.01,£,In stock,Two
Classics,The Story of Hong ...,43.19,£,In stock,Four
Classics,The Little Prince,45.42,£,In stock,Two
Classics,Sense and Sensibility,37.46,£,In stock,One
Classics,Of Mice and Men,47.11,£,In stock,Two
Classics,Emma,32.93,£,In stock,Two
Classics,Alice in Wonderland (Alice's ...,55.53,£,In stock,One
Sequential Art,Scott Pilgrim's Precious Little ...,52.29,£,In stock,Five
Sequential Art,Tsubasa: WoRLD CHRoNiCLE 2 ...,16.28,£,In stock,One
Sequential Art,This One Summer,19.49,£,In stock,Four
Sequential Art,The Nameless City (The ...,38.16,£,In stock,Four
Sequential Art,"Saga, Volume 5 (Saga ...",51.04,£,In stock,Two
Sequential Art,"Rat Queens, Vol. 3: ...",50.4,£,In stock,Three
Sequential Art,"Princess Jellyfish 2-in-1 Omnibus, ...",13.61,£,In stock,Five
Sequential Art,"Pop Gun War, Volume ...",18.97,£,In stock,One
Sequential Art,Patience,10.16,£,In stock,Three
Sequential Art,"Outcast, Vol. 1: A ...",15.44,£,In stock,Four
Sequential Art,orange: The Complete Collection ...,48.41,£,In stock,One
Sequential Art,"Lumberjanes, Vol. 2: Friendship ...",46.91,£,In stock,Two
Sequential Art,"Lumberjanes, Vol. 1: Beware ...",45.61,£,In stock,Three
Sequential Art,Lumberjanes Vol. 3: A ...,19.92,£,In stock,Two
Sequential Art,"I Hate Fairyland, Vol. ...",29.17,£,In stock,Two
Sequential Art,I am a Hero ...,54.63,£,In stock,Three
Sequential Art,"Giant Days, Vol. 2 ...",22.11,£,In stock,Two
Sequential Art,Danganronpa Volume 1,51.99,£,In stock,Four
Sequential Art,"Codename Baboushka, Volume 1: ...",36.72,£,In stock,Four
Sequential Art,Camp Midnight,17.08,£,In stock,Four
Food and Drink,How to Cook Everything ...,46.01,£,In stock,Four
Food and Drink,How to Be a ...,28.25,£,In stock,Two
Food and Drink,The Barefoot Contessa Cookbook,59.92,£,In stock,Five
Food and Drink,Better Homes and Gardens ...,39.61,£,In stock,Three
Food and Drink,The Power Greens Cookbook: ...,11.05,£,In stock,Five
Food and Drink,Mexican Today: New and ...,24.91,£,In stock,Five
Food and Drink,Vegan Vegetarian Omnivore: Dinner ...,13.66,£,In stock,Two
Food and Drink,The Smitten Kitchen Cookbook,23.59,£,In stock,One
Food and Drink,The Art of Simple ...,34.32,£,In stock,Three
Food and Drink,Hungry Girl Clean & ...,33.14,£,In stock,Three
Historical Fiction,Tipping the Velvet,53.74,£,In stock,One
Historical Fiction,Forever and Forever: The ...,29.69,£,In stock,Three
Historical Fiction,A Flight of Arrows ...,55.53,£,In stock,Five
Historical Fiction,The House by the ...,36.95,£,In stock,One
Historical Fiction,Mrs. Houdini,30.25,£,In stock,Five
Historical Fiction,The Marriage of Opposites,28.08,£,In stock,Four
Historical Fiction,Glory over Everything: Beyond ...,45.84,£,In stock,Three
Historical Fiction,"Love, Lies and Spies",20.55,£,In stock,Two
Historical Fiction,A Paris Apartment,39.01,£,In stock,Four
Historical Fiction,Lilac Girls,17.28,£,In stock,Two
Historical Fiction,The Constant Princess (The ...,16.62,£,In stock,Three
Historical Fiction,The Invention of Wings,37.34,£,In stock,One
Historical Fiction,World Without End (The ...,32.97,£,In stock,Four
Historical Fiction,The Passion of Dolssa,28.32,£,In stock,Five
Historical Fiction,Girl With a Pearl ...,26.77,£,In stock,One
Historical Fiction,Voyager (Outlander #3),21.07,£,In stock,Five
Historical Fiction,The Red Tent,35.66,£,In stock,Five
Historical Fiction,The Last Painting of ...,55.55,£,In stock,Two
Historical Fiction,The Guernsey Literary and ...,49.53,£,In stock,One
Historical Fiction,Girl in the Blue ...,46.83,£,In stock,Two
Mystery,Sharp Objects,47.82,£,In stock,Four
Mystery,"In a Dark, Dark ...",19.63,£,In stock,One
Mystery,The Past Never Ends,56.5,£,In stock,Four
Mystery,A Murder in Time,16.64,£,In stock,One
Mystery,The Murder of Roger ...,44.1,£,In stock,Four
Mystery,The Last Mile (Amos ...,54.21,£,In stock,Two
Mystery,That Darkness (Gardiner and ...,13.92,£,In stock,One
Mystery,Tastes Like Fear (DI ...,10.69,£,In stock,One
Mystery,A Time of Torment ...,48.35,£,In stock,Five
Mystery,A Study in Scarlet ...,16.73,£,In stock,Two
Mystery,Poisonous (Max Revere Novels ...,26.8,£,In stock,Three
Mystery,Murder at the 42nd ...,54.36,£,In stock,Four
Mystery,Most Wanted,35.28,£,In stock,Three
Mystery,Hide Away (Eve Duncan ...,11.84,£,In stock,One
Mystery,Boar Island (Anna Pigeon ...,59.48,£,In stock,Three
Mystery,The Widow,27.26,£,In stock,Two
Mystery,Playing with Fire,13.71,£,In stock,Three
Mystery,What Happened on Beale ...,25.37,£,In stock,Five
Mystery,The Bachelor Girl's Guide ...,52.3,£,In stock,Five
Mystery,Delivering the Truth (Quaker ...,20.89,£,In stock,Four
Default,The Art of War,33.34,£,In stock,Five
Default,Secrets and Lace (Fatal ...,20.27,£,In stock,One
Default,Romero and Juliet: A ...,36.94,£,In stock,One
Default,Poses for Artists Volume ...,41.06,£,In stock,One
Default,Miss Peregrine’s Home for ...,10.76,£,In stock,One
Default,Large Print Heart of ...,19.15,£,In stock,Two
Default,Grumbles,22.16,£,In stock,Two
Default,First Steps for New ...,29.0,£,In stock,One
Default,Eureka Trivia 6.0,54.59,£,In stock,Four
Default,Drive: The Surprising Truth ...,34.95,£,In stock,Four
Default,Done Rubbed Out (Reightman ...,37.72,£,In stock,Five
Default,Beauty Restored (Riley Family ...,11.11,£,In stock,Two
Default,Ayumi's Violin,15.48,£,In stock,Two
Default,Anonymous,46.82,£,In stock,Four
Default,Amy Meets the Saints ...,18.46,£,In stock,Three
Default,Amatus,50.54,£,In stock,Five
Default,V for Vendetta (V ...,37.1,£,In stock,Four
Default,Unbroken: A World War ...,45.95,£,In stock,Two
Default,The Wright Brothers,56.8,£,In stock,Four
Default,The Songs of the ...,44.48,£,In stock,Five
Nonfiction,Daring Greatly: How the ...,19.43,£,In stock,Three
Nonfiction,Big Magic: Creative Living ...,30.8,£,In stock,Three
Nonfiction,Becoming Wise: An Inquiry ...,27.43,£,In stock,Two
Nonfiction,Agnostic: A Spirited Manifesto,12.51,£,In stock,Five
Nonfiction,Whole Lotta Creativity Going ...,38.2,£,In stock,Four
Nonfiction,What's It Like in ...,19.6,£,In stock,Two
Nonfiction,The Year of Magical ...,43.04,£,In stock,Two
Nonfiction,The Literature Book (Big ...,17.43,£,In stock,Three
Nonfiction,The Bad-Ass Librarians of ...,15.77,£,In stock,One
Nonfiction,Swell: A Year of ...,45.58,£,In stock,One
Nonfiction,No Dream Is Too ...,21.95,£,In stock,Two
Nonfiction,Looking for Lovely: Collecting ...,29.14,£,In stock,Five
Nonfiction,Let It Out: A ...,26.79,£,In stock,Five
Nonfiction,Hamilton: The Revolution,58.79,£,In stock,Three
Nonfiction,Far & Away: Places ...,15.06,£,In stock,Four
Nonfiction,Eaternity: More than 150 ...,51.75,£,In stock,Five
Nonfiction,Buying In: The Secret ...,37.8,£,In stock,Four
Nonfiction,Brain on Fire: My ...,49.32,£,In stock,Five
Nonfiction,Abstract City,56.37,£,In stock,Five
Nonfiction,13 Hours: The Inside ...,27.06,£,In stock,One
Childrens,The Cat in the ...,16.26,£,In stock,Two
Childrens,Red: The True Story ...,28.54,£,In stock,Three
Childrens,Horrible Bear!,37.52,£,In stock,Two
Childrens,Green Eggs and Ham ...,10.79,£,In stock,Four
Childrens,Counting Thyme,10.62,£,In stock,One
Childrens,Are We There Yet?,10.66,£,In stock,Three
Childrens,Diary of a Minecraft ...,52.88,£,In stock,Four
Childrens,Matilda,28.34,£,In stock,One
Childrens,Charlie and the Chocolate ...,22.85,£,In stock,Three
Fiction,Eight Hundred Grapes,14.39,£,In stock,Four
Fiction,Dear Mr. Knightley,11.21,£,In stock,Five
Fiction,Cometh the Hour (The ...,25.01,£,In stock,Three
Fiction,Balloon Animals,17.03,£,In stock,Three
Fiction,A Man Called Ove,39.72,£,In stock,One
Fiction,The Silent Sister (Riley ...,46.29,£,In stock,Five
Fiction,The Dinner Party,56.54,£,In stock,Two
Fiction,The Improbability of Love,59.45,£,In stock,One
Fiction,Mothering Sunday,13.34,£,In stock,Two
Fiction,Lies and Other Acts ...,45.14,£,In stock,One
Fiction,Daredevils,16.34,£,In stock,Three
Fiction,11/22/63,48.48,£,In stock,Three
Fiction,The Shack,28.03,£,In stock,One
Fiction,The High Mountains of ...,51.15,£,In stock,One
Fiction,Miller's Valley,58.54,£,In stock,Two
Fiction,Hystopia: A Novel,21.96,£,In stock,Four
Fiction,The Bourne Identity (Jason ...,42.78,£,In stock,Four
Fiction,Sister Dear,40.2,£,In stock,Four
Fiction,Memoirs of a Geisha,49.67,£,In stock,Three
Fiction,Me Before You (Me ...,19.02,£,In stock,One
Add a comment,The Sense of an ...,31.38,£,In stock,Three
Add a comment,The Republic,33.78,£,In stock,Three
Add a comment,The Odyssey,29.64,£,In stock,Three
Add a comment,The Light of the ...,54.43,£,In stock,One
Add a comment,The Iliad,16.16,£,In stock,One
Add a comment,The Communist Manifesto,14.76,£,In stock,Three
Add a comment,Lord of the Flies,24.89,£,In stock,Three
Romance,A Walk to Remember,56.43,£,In stock,One
Romance,The Purest Hook (Second ...,12.25,£,In stock,One
Romance,The Obsession,45.43,£,In stock,One
Romance,Reservations for Two,11.1,£,In stock,Three
Romance,Best of My Love ...,27.41,£,In stock,Two
Romance,Where Lightning Strikes (Bleeding ...,39.77,£,In stock,Three
Romance,This One Moment (Pushing ...,48.71,£,In stock,One
Romance,"Rhythm, Chord & Malykhin",28.34,£,In stock,Two
Romance,My Perfect Mistake (Over ...,38.92,£,In stock,Two
Romance,Listen to Me (Fusion ...,58.99,£,In stock,Three
Romance,Imperfect Harmony,34.74,£,In stock,Four
Romance,Fighting Fate (Fighting #6),39.24,£,In stock,Three
Romance,Deep Under (Walker Security ...,47.09,£,In stock,Five
Romance,Charity's Cross (Charles Towne ...,41.24,£,In stock,One
Romance,Bounty (Colorado Mountain #7),37.26,£,In stock,Four
Sequential Art,"Bitch Planet, Vol. 1: ...",37.92,£,In stock,Two
Sequential Art,The Shadow Hero (The ...,33.14,£,In stock,One
Sequential Art,"Fables, Vol. 1: Legends ...",41.62,£,In stock,Four
Sequential Art,Batman: The Long Halloween ...,36.5,£,In stock,Two
Sequential Art,Batman: The Dark Knight ...,15.38,£,In stock,Five
Sequential Art,"Wonder Woman: Earth One, ...",37.34,£,In stock,Four
Sequential Art,"We Are Robin, Vol. ...",53.9,£,In stock,One
Sequential Art,Through the Woods,25.38,£,In stock,Two
Sequential Art,Superman Vol. 1: Before ...,11.89,£,In stock,Five
Sequential Art,"So Cute It Hurts!!, ...",35.43,£,In stock,Four
Sequential Art,Robin War,47.82,£,In stock,Three
Sequential Art,"Red Hood/Arsenal, Vol. 1: ...",25.48,£,In stock,Two
Sequential Art,"Naruto (3-in-1 Edition), Vol. ...",38.39,£,In stock,Two
Sequential Art,Lowriders to the Center ...,51.51,£,In stock,Two
Sequential Art,El Deafo,57.62,£,In stock,Five
Sequential Art,Batman: Europa,32.01,£,In stock,Two
Sequential Art,Art Ops Vol. 1,48.8,£,In stock,Three
Sequential Art,Adulthood Is a Myth: ...,10.9,£,In stock,Two
Sequential Art,"Fruits Basket, Vol. 9 ...",33.95,£,In stock,Four
Sequential Art,Roller Girl,14.1,£,In stock,Five
Historical Fiction,Between Shades of Gray,20.79,£,In stock,Five
Historical Fiction,While You Were Mine,41.32,£,In stock,Five
Historical Fiction,The Secret Healer,34.56,£,In stock,Three
Historical Fiction,Starlark,25.83,£,In stock,Three
Historical Fiction,Lost Among the Living,27.7,£,In stock,Four
Historical Fiction,A Spy's Devotion (The ...,16.97,£,In stock,Five
Mystery,The Mysterious Affair at ...,24.8,£,In stock,Four
Mystery,In the Woods (Dublin ...,38.38,£,In stock,Two
Mystery,The Silkworm (Cormoran Strike ...,23.05,£,In stock,Five
Mystery,The Exiled,43.45,£,In stock,Three
Mystery,The Cuckoo's Calling (Cormoran ...,19.21,£,In stock,One
Mystery,Extreme Prey (Lucas Davenport ...,25.4,£,In stock,Three
Mystery,Career of Evil (Cormoran ...,24.72,£,In stock,Two
Mystery,The No. 1 Ladies' ...,57.7,£,In stock,Four
Mystery,The Girl You Lost,12.29,£,In stock,Five
Mystery,The Girl In The ...,15.85,£,In stock,Three
Mystery,Blood Defense (Samantha Brinkman ...,20.3,£,In stock,Three
Mystery,1st to Die (Women's ...,53.98,£,In stock,One
Default,The Rosie Project (Don ...,54.04,£,In stock,One
Default,The Power of Habit: ...,16.88,£,In stock,Three
Default,Steve Jobs,39.5,£,In stock,Five
Default,Luckiest Girl Alive,49.83,£,In stock,Three
Default,Living Leadership by Insight: ...,46.91,£,In stock,Four
Default,Lady Midnight (The Dark ...,16.28,£,In stock,Five
Default,"Hush, Hush (Hush, Hush ...",47.02,£,In stock,Three
Default,Greek Mythic History,10.23,£,In stock,Five
Default,Every Last Word,46.47,£,In stock,Three
Default,Daily Fantasy Sports,36.58,£,In stock,One
Default,Clockwork Angel (The Infernal ...,44.14,£,In stock,One
Default,City of Fallen Angels ...,11.23,£,In stock,Four
Default,City of Bones (The ...,43.28,£,In stock,One
Default,City of Ashes (The ...,47.27,£,In stock,One
Default,"Carry On, Warrior: Thoughts ...",31.85,£,In stock,Three
Default,Carrie,46.23,£,In stock,Two
Default,Angels & Demons (Robert ...,51.48,£,In stock,Three
Default,"The Three Searches, Meaning, ...",13.33,£,In stock,Three
Default,Raspberry Pi Electronics Projects ...,49.67,£,In stock,Four
Default,How to Speak Golf: ...,58.32,£,In stock,Five
Nonfiction,The Lonely City: Adventures ...,33.26,£,In stock,Two
Nonfiction,The Diary of a ...,59.9,£,In stock,Three
Nonfiction,Snatched: How A Drug ...,21.21,£,In stock,Three
Nonfiction,Furiously Happy: A Funny ...,41.46,£,In stock,Four
Nonfiction,The Sleep Revolution: Transforming ...,11.68,£,In stock,Four
Nonfiction,"Mother, Can You Not?",16.89,£,In stock,Five
Nonfiction,A Mother's Reckoning: Living ...,19.53,£,In stock,Three
Nonfiction,10% Happier: How I ...,24.57,£,In stock,Two
Nonfiction,Chernobyl 01:23:40: The Incredible ...,35.92,£,In stock,Two
Nonfiction,Zero to One: Notes ...,34.06,£,In stock,Three
Nonfiction,Why Not Me?,17.76,£,In stock,One
Nonfiction,When Breath Becomes Air,39.36,£,In stock,Two
Nonfiction,"The Midnight Assassin: Panic, ...",28.45,£,In stock,Four
Nonfiction,Smarter Faster Better: The ...,38.89,£,In stock,Five
Nonfiction,Rising Strong,21.82,£,In stock,Three
Nonfiction,Man's Search for Meaning,29.48,£,In stock,Three
Nonfiction,Love That Boy: What ...,25.06,£,In stock,Two
Nonfiction,Living Forward: A Proven ...,12.55,£,In stock,Three
Nonfiction,I Will Find You,44.21,£,In stock,One
Nonfiction,Brazen: The Courage to ...,19.22,£,In stock,Two
Fiction,Deception Point,40.32,£,In stock,Four
Fiction,The Little Paris Bookshop,24.73,£,In stock,Three
Fiction,The Firm,45.56,£,In stock,Three
Fiction,The Expatriates,44.58,£,In stock,Two
Fiction,Siddhartha,34.22,£,In stock,Five
Fiction,Last One Home (New ...,59.98,£,In stock,Three
Fiction,Digital Fortress,58.0,£,In stock,Five
Fiction,Atlas Shrugged,26.58,£,In stock,Five
Fiction,Three-Martini Lunch,23.21,£,In stock,Three
Fiction,The Nightingale,26.26,£,In stock,Four
Fiction,The Infinities,27.41,£,In stock,One
Fiction,The Husband's Secret,52.51,£,In stock,Five
Fiction,The Da Vinci Code ...,22.96,£,In stock,Two
Fiction,The Art of Fielding,22.1,£,In stock,One
Fiction,Lila (Gilead #3),12.47,£,In stock,Three
Fiction,Jurassic Park (Jurassic Park ...,44.97,£,In stock,One
Fiction,Inferno (Robert Langdon #4),41.0,£,In stock,Five
Fiction,Crazy Rich Asians (Crazy ...,49.13,£,In stock,Five
Fiction,Big Little Lies,22.11,£,In stock,One
Fiction,The Course of Love,16.78,£,In stock,Three
Sequential Art,"Fruits Basket, Vol. 7 ...",19.57,£,In stock,One
Sequential Art,"Fruits Basket, Vol. 6 ...",20.96,£,In stock,Four
Sequential Art,"Death Note, Vol. 6: ...",36.39,£,In stock,Three
Sequential Art,"Fruits Basket, Vol. 5 ...",16.33,£,In stock,One
Sequential Art,"Death Note, Vol. 5: ...",52.41,£,In stock,One
Sequential Art,The Demon Prince of ...,27.88,£,In stock,Two
Sequential Art,"Fruits Basket, Vol. 4 ...",50.44,£,In stock,Four
Sequential Art,The Wicked + The ...,14.41,£,In stock,Three
Sequential Art,"The Sandman, Vol. 3: ...",55.55,£,In stock,Five
Sequential Art,"Saga, Volume 3 (Saga ...",21.57,£,In stock,Five
Sequential Art,Prodigy: The Graphic Novel ...,43.63,£,In stock,Three
Sequential Art,Persepolis: The Story of ...,39.13,£,In stock,One
Sequential Art,Original Fake,31.45,£,In stock,Three
Sequential Art,"Grayson, Vol 3: Nemesis ...",42.72,£,In stock,One
Sequential Art,"Fruits Basket, Vol. 3 ...",45.17,£,In stock,Two
Sequential Art,"Black Butler, Vol. 1 ...",49.31,£,In stock,One
Sequential Art,Awkward,38.02,£,In stock,Two
Sequential Art,"The Sandman, Vol. 2: ...",54.81,£,In stock,One
Sequential Art,"Saga, Volume 2 (Saga ...",11.75,£,In stock,Three
Sequential Art,"Fruits Basket, Vol. 2 ...",11.64,£,In stock,Five
Default,Eleanor & Park,56.51,£,In stock,Five
Default,Troublemaker: Surviving Hollywood and ...,48.39,£,In stock,Two
Default,Adultery,20.88,£,In stock,Five
Default,Unlimited Intuition Now,58.87,£,In stock,Four
Default,Underlying Notes,11.82,£,In stock,Two
Default,The New Brand You: ...,44.05,£,In stock,Five
Default,The Flowers Lied,16.68,£,In stock,Two
Default,NaNo What Now? Finding ...,10.41,£,In stock,Four
Default,Modern Day Fables,47.44,£,In stock,Two
Default,The Unlikely Pilgrimage of ...,43.62,£,In stock,Five
Default,The Martian (The Martian ...,41.39,£,In stock,Two
Default,Left Behind (Left Behind ...,40.72,£,In stock,Two
Default,John Vassos: Industrial Design ...,20.22,£,In stock,Four
Default,I'll Give You the ...,56.48,£,In stock,One
Default,Heaven is for Real: ...,52.86,£,In stock,Two
Default,Ender's Game (The Ender ...,43.64,£,In stock,One
Default,Death by Leisure: A ...,37.51,£,In stock,Four
Default,Wildlife of New York: ...,22.14,£,In stock,Two
Default,The Year of Living ...,34.72,£,In stock,One
Default,The Great Gatsby,36.05,£,In stock,Four
Nonfiction,Between the World and ...,56.91,£,In stock,Four
Nonfiction,Being Mortal: Medicine and ...,55.06,£,In stock,Four
Nonfiction,A Murder Over a ...,13.2,£,In stock,Three
Nonfiction,For the Love: Fighting ...,45.13,£,In stock,Three
Nonfiction,Finding God in the ...,46.64,£,In stock,Two
Nonfiction,The Man Who Mistook ...,59.45,£,In stock,Four
Nonfiction,In Cold Blood,49.98,£,In stock,Four
Nonfiction,"Girl, Interrupted",42.14,£,In stock,Three
Nonfiction,Why Save the Bankers?: ...,48.67,£,In stock,Two
Nonfiction,Talking to Girls About ...,25.15,£,In stock,Four
Nonfiction,My Mother Was Nuts,31.63,£,In stock,Four
Nonfiction,"Data, A Love Story: ...",32.35,£,In stock,Three
Nonfiction,The Jazz of Physics: ...,38.71,£,In stock,Three
Nonfiction,The Gunning of America: ...,16.81,£,In stock,Four
Nonfiction,The Geography of Bliss: ...,28.23,£,In stock,Two
Nonfiction,God Is Not Great: ...,27.8,£,In stock,One
Nonfiction,We the People: The ...,31.95,£,In stock,Three
Nonfiction,Very Good Lives: The ...,50.66,£,In stock,Three
Nonfiction,"Unstuffed: Decluttering Your Home, ...",58.09,£,In stock,One
Nonfiction,Under the Banner of ...,30.0,£,In stock,One
Fiction,When I'm Gone,51.96,£,In stock,Three
Fiction,The Silent Wife,12.34,£,In stock,Five
Fiction,The Bette Davis Club,30.66,£,In stock,Three
Fiction,Kitchens of the Great ...,57.2,£,In stock,Five
Fiction,Bright Lines,39.07,£,In stock,Five
Sequential Art,"Y: The Last Man, ...",18.51,£,In stock,Four
Sequential Art,The Wicked + The ...,36.52,£,In stock,Two
Sequential Art,"The Sandman, Vol. 1: ...",54.12,£,In stock,Three
Sequential Art,The Complete Maus (Maus ...,10.64,£,In stock,Three
Sequential Art,"Skip Beat!, Vol. 01 ...",42.12,£,In stock,Three
Sequential Art,"Saga, Volume 1 (Saga ...",28.48,£,In stock,One
Sequential Art,"Rat Queens, Vol. 1: ...",46.96,£,In stock,Five
Sequential Art,"Paper Girls, Vol. 1 ...",21.71,£,In stock,Four
Sequential Art,Ouran High School Host ...,29.87,£,In stock,Three
Sequential Art,"Ms. Marvel, Vol. 1: ...",39.39,£,In stock,Four
Sequential Art,"Hawkeye, Vol. 1: My ...",45.24,£,In stock,Three
Sequential Art,"Giant Days, Vol. 1 ...",56.76,£,In stock,Four
Sequential Art,"Fruits Basket, Vol. 1 ...",40.28,£,In stock,Five
Sequential Art,"Bleach, Vol. 1: Strawberry ...",34.65,£,In stock,Five
Sequential Art,"Ajin: Demi-Human, Volume 1 ...",57.06,£,In stock,Four
Default,The Good Girl,49.03,£,In stock,Three
Default,The 7 Habits of ...,33.17,£,In stock,Four
Default,Steal Like an Artist: ...,20.9,£,In stock,Two
Default,Life of Pi,13.22,£,In stock,Four
Default,The Sound Of Love,57.84,£,In stock,Five
Default,The Perks of Being ...,55.02,£,In stock,Three
Default,The Makings of a ...,31.58,£,In stock,Two
Default,The Hobbit (Middle-Earth Universe),17.8,£,In stock,Five
Default,The Fellowship of the ...,10.27,£,In stock,Two
Default,Ship Leaves Harbor: Essays ...,30.6,£,In stock,Three
Default,Musicophilia: Tales of Music ...,46.58,£,In stock,One
Default,What If?: Serious Scientific ...,53.68,£,In stock,Four
Default,The Fault in Our ...,47.22,£,In stock,One
Default,The Dream Thieves (The ...,34.5,£,In stock,One
Default,The 5th Wave (The ...,11.83,£,In stock,Two
Default,Shiver (The Wolves of ...,16.23,£,In stock,Five
Default,Remember Me?,11.48,£,In stock,Three
Default,If I Stay (If ...,38.13,£,In stock,Five
Default,I Know Why the ...,36.55,£,In stock,Two
Default,Harry Potter and the ...,23.32,£,In stock,One
Nonfiction,Trespassing Across America: One ...,53.51,£,In stock,One
Nonfiction,The Name of God ...,37.25,£,In stock,Two
Nonfiction,Stiff: The Curious Lives ...,36.74,£,In stock,Three
Nonfiction,Spilled Milk: Based on ...,49.51,£,In stock,One
Nonfiction,Rise of the Rocket ...,41.67,£,In stock,Four
Nonfiction,Outliers: The Story of ...,14.16,£,In stock,One
Nonfiction,Notes from a Small ...,40.17,£,In stock,One
Nonfiction,Night (The Night Trilogy ...,13.51,£,In stock,One
Nonfiction,Miracles from Heaven: A ...,57.83,£,In stock,One
Nonfiction,Letter to a Christian ...,22.2,£,In stock,One
Nonfiction,Let's Pretend This Never ...,45.11,£,In stock,One
Nonfiction,It's Never Too Late ...,42.38,£,In stock,One
Nonfiction,Into the Wild,56.7,£,In stock,Five
Nonfiction,In the Garden of ...,28.85,£,In stock,Three
Nonfiction,I Am Malala: The ...,28.88,£,In stock,Two
Nonfiction,Gratitude,26.66,£,In stock,Five
Nonfiction,Disrupted: My Misadventure in ...,15.28,£,In stock,Five
Nonfiction,Brave Enough,51.32,£,In stock,Five
Nonfiction,Born to Run: A ...,27.35,£,In stock,Two
Nonfiction,Blink: The Power of ...,21.74,£,In stock,Five
Default,Fool Me Once,16.96,£,In stock,One
Default,Drama,38.7,£,In stock,Two
Default,"Blue Lily, Lily Blue ...",34.13,£,In stock,Five
Default,Alight (The Generations Trilogy ...,58.59,£,In stock,Four
Default,Vogue Colors A to ...,52.35,£,In stock,Four
Default,The Shining (The Shining ...,27.88,£,In stock,Three
Default,The Hunger Games (The ...,29.85,£,In stock,Five
Default,Outlander (Outlander #1),19.67,£,In stock,Five
Default,Mockingjay (The Hunger Games ...,20.44,£,In stock,Four
Default,Harry Potter and the ...,13.9,£,In stock,Three
Default,Confessions of a Shopaholic ...,48.94,£,In stock,Two
Default,Zero History (Blue Ant ...,34.77,£,In stock,One
Default,World War Z: An ...,21.8,£,In stock,One
Default,Wild: From Lost to ...,46.02,£,In stock,Three
Default,"Where'd You Go, Bernadette",18.13,£,In stock,One
Default,Twilight (Twilight #1),41.93,£,In stock,Two
Default,The Paris Wife,36.8,£,In stock,Three
Default,The Maze Runner (The ...,20.93,£,In stock,One
Default,The Lover's Dictionary,58.09,£,In stock,Two
Default,The Goldfinch,43.58,£,In stock,Three
Nonfiction,Black Flags: The Rise ...,40.87,£,In stock,One
Nonfiction,Are We Smart Enough ...,56.58,£,In stock,One
Nonfiction,A Walk in the ...,30.48,£,In stock,Four
Nonfiction,The Suffragettes (Little Black ...,11.89,£,In stock,Two
Nonfiction,Kindle Paperwhite User's Guide,34.0,£,In stock,Three
Nonfiction,H is for Hawk,57.42,£,In stock,Five
Nonfiction,Travels with Charley: In ...,57.82,£,In stock,Five
Nonfiction,The Tumor,41.56,£,In stock,Five
Nonfiction,The End of the ...,14.4,£,In stock,One
Nonfiction,"Eat, Pray, Love",51.32,£,In stock,Three
Default,The Giver (The Giver ...,12.3,£,In stock,One
Default,The Girl Who Played ...,22.14,£,In stock,Two
Default,The Demon-Haunted World: Science ...,52.25,£,In stock,Four
Default,The Book Thief,53.49,£,In stock,Two
Default,The Autobiography of Malcolm ...,23.43,£,In stock,Two
Default,Shopaholic & Baby (Shopaholic ...,46.45,£,In stock,Two
Default,Quiet: The Power of ...,43.55,£,In stock,One
Default,Packing for Mars: The ...,56.68,£,In stock,Two
Default,Orange Is the New ...,24.61,£,In stock,Two
Default,One for the Money ...,32.87,£,In stock,Two
Default,Morning Star (Red Rising ...,29.4,£,In stock,One
Default,Life After Life,26.13,£,In stock,Two
Default,"Lean In: Women, Work, ...",25.02,£,In stock,One
Default,Is Everyone Hanging Out ...,20.11,£,In stock,Three
Default,Gone Girl,37.6,£,In stock,Five
Default,Fellside,38.62,£,In stock,One
Default,Eclipse (Twilight #3),18.74,£,In stock,One
Default,Dracula,52.62,£,In stock,Three
Default,Dead Wake: The Last ...,39.24,£,In stock,Five
Default,"David and Goliath: Underdogs, ...",17.81,£,In stock,One
Default,Dark Places,23.9,£,In stock,Five
Default,Breaking Dawn (Twilight #4),35.28,£,In stock,Five
Default,Beautiful Creatures (Caster Chronicles ...,21.55,£,In stock,Five
Default,A Visit from the ...,14.08,£,In stock,Five
Default,The Zombie Room,19.69,£,In stock,Five
Default,The Name of the ...,50.59,£,In stock,Three
Default,Taking Shots (Assassins #1),18.88,£,In stock,Two
Default,Shatter Me (Shatter Me ...,42.4,£,In stock,One
Default,Paradise Lost (Paradise #1),24.96,£,In stock,One
Default,On the Road (Duluoz ...,32.36,£,In stock,Three
Default,Jane Eyre,38.43,£,In stock,Five
Default,Frankenstein,38.0,£,In stock,Two
